{"cameraMode":{"drawMode":0,"name":"Shaded","section":"Shading Mode"},"sceneLighting":true,"audioPlay":false,"sceneViewState":{"showFog":true,"showMaterialUpdate":true,"showSkybox":true,"showFlares":true,"showImageEffects":true,"showParticleSystems":true},"in2DMode":false,"pivot":{"x":0.11842047423124314,"y":1.0259642601013184,"z":0.544132649898529},"rotation":{"x":0.1085406169295311,"y":0.13762202858924867,"z":-0.015175353735685349,"w":0.9844028353691101},"size":2.0843474864959719,"orthographic":false}