{"cameraMode":{"drawMode":0,"name":"Shaded","section":"Shading Mode"},"sceneLighting":true,"audioPlay":false,"sceneViewState":{"showFog":true,"showMaterialUpdate":true,"showSkybox":true,"showFlares":true,"showImageEffects":true,"showParticleSystems":true},"in2DMode":false,"pivot":{"x":2.170964479446411,"y":0.05296754837036133,"z":4.097421169281006},"rotation":{"x":-0.08200425654649735,"y":-0.22698445618152619,"z":0.01918514259159565,"w":-0.970250129699707},"size":6.475963115692139,"orthographic":false}